{
	"partitions" : [
		{
			"name" : "Top",
			"pins" : [
				{
					"name" : "CAL[7]",
					"strict" : false
				},
				{
					"name" : "CAL[6]",
					"strict" : false
				},
				{
					"name" : "CAL[5]",
					"strict" : false
				},
				{
					"name" : "CAL[4]",
					"strict" : false
				},
				{
					"name" : "CAL[3]",
					"strict" : false
				},
				{
					"name" : "CAL[2]",
					"strict" : false
				},
				{
					"name" : "CAL[1]",
					"strict" : false
				},
				{
					"name" : "CAL[0]",
					"strict" : false
				},
				{
					"name" : "MODE[0]",
					"strict" : false
				},
				{
					"name" : "B[3]",
					"strict" : false
				},
				{
					"name" : "B[2]",
					"strict" : false
				},
				{
					"name" : "B[1]",
					"strict" : false
				},
				{
					"name" : "A[0]",
					"strict" : false
				},
				{
					"name" : "B[0]",
					"strict" : false
				},
				{
					"name" : "A[1]",
					"strict" : false
				},
				{
					"name" : "A[2]",
					"strict" : false
				},
				{
					"name" : "A[3]",
					"strict" : false
				},
				{
					"name" : "MODE[1]",
					"strict" : false
				}
			]
		}
	]
}