{
	"partitions" : [
		{
			"name" : "Top",
			"pins" : [
				{
					"name" : "QA[3]",
					"strict" : false
				},
				{
					"name" : "QA[2]",
					"strict" : false
				},
				{
					"name" : "QA[1]",
					"strict" : false
				},
				{
					"name" : "QA[0]",
					"strict" : false
				},
				{
					"name" : "QB[3]",
					"strict" : false
				},
				{
					"name" : "QB[2]",
					"strict" : false
				},
				{
					"name" : "QB[1]",
					"strict" : false
				},
				{
					"name" : "QB[0]",
					"strict" : false
				},
				{
					"name" : "QC[3]",
					"strict" : false
				},
				{
					"name" : "QC[2]",
					"strict" : false
				},
				{
					"name" : "QC[1]",
					"strict" : false
				},
				{
					"name" : "QC[0]",
					"strict" : false
				},
				{
					"name" : "QD[3]",
					"strict" : false
				},
				{
					"name" : "QD[2]",
					"strict" : false
				},
				{
					"name" : "QD[1]",
					"strict" : false
				},
				{
					"name" : "QD[0]",
					"strict" : false
				},
				{
					"name" : "DIN[3]",
					"strict" : false
				},
				{
					"name" : "CLK",
					"strict" : false
				},
				{
					"name" : "RST",
					"strict" : false
				},
				{
					"name" : "DIN[2]",
					"strict" : false
				},
				{
					"name" : "DIN[1]",
					"strict" : false
				},
				{
					"name" : "DIN[0]",
					"strict" : false
				}
			]
		}
	]
}