{
	"partitions" : [
		{
			"name" : "Top",
			"pins" : [
				{
					"name" : "SEG_COM[7]",
					"strict" : false
				},
				{
					"name" : "SEG_COM[6]",
					"strict" : false
				},
				{
					"name" : "SEG_COM[5]",
					"strict" : false
				},
				{
					"name" : "SEG_COM[4]",
					"strict" : false
				},
				{
					"name" : "SEG_DATA[7]",
					"strict" : false
				},
				{
					"name" : "SEG_DATA[6]",
					"strict" : false
				},
				{
					"name" : "SEG_DATA[5]",
					"strict" : false
				},
				{
					"name" : "SEG_DATA[4]",
					"strict" : false
				},
				{
					"name" : "SEG_DATA[3]",
					"strict" : false
				},
				{
					"name" : "SEG_DATA[2]",
					"strict" : false
				},
				{
					"name" : "SEG_DATA[1]",
					"strict" : false
				},
				{
					"name" : "C[1]",
					"strict" : false
				},
				{
					"name" : "B[1]",
					"strict" : false
				},
				{
					"name" : "A[1]",
					"strict" : false
				},
				{
					"name" : "D[1]",
					"strict" : false
				},
				{
					"name" : "C[3]",
					"strict" : false
				},
				{
					"name" : "B[3]",
					"strict" : false
				},
				{
					"name" : "A[3]",
					"strict" : false
				},
				{
					"name" : "D[3]",
					"strict" : false
				},
				{
					"name" : "B[2]",
					"strict" : false
				},
				{
					"name" : "C[2]",
					"strict" : false
				},
				{
					"name" : "A[2]",
					"strict" : false
				},
				{
					"name" : "D[2]",
					"strict" : false
				},
				{
					"name" : "C[0]",
					"strict" : false
				},
				{
					"name" : "B[0]",
					"strict" : false
				},
				{
					"name" : "A[0]",
					"strict" : false
				},
				{
					"name" : "D[0]",
					"strict" : false
				},
				{
					"name" : "CLK",
					"strict" : false
				}
			]
		}
	]
}