{
	"partitions" : [
		{
			"name" : "Top",
			"pins" : [
				{
					"name" : "SEG_COM[7]",
					"strict" : false
				},
				{
					"name" : "SEG_COM[6]",
					"strict" : false
				},
				{
					"name" : "SEG_COM[5]",
					"strict" : false
				},
				{
					"name" : "SEG_COM[4]",
					"strict" : false
				},
				{
					"name" : "SEG_DATA[7]",
					"strict" : false
				},
				{
					"name" : "SEG_DATA[6]",
					"strict" : false
				},
				{
					"name" : "SEG_DATA[5]",
					"strict" : false
				},
				{
					"name" : "SEG_DATA[4]",
					"strict" : false
				},
				{
					"name" : "SEG_DATA[3]",
					"strict" : false
				},
				{
					"name" : "SEG_DATA[2]",
					"strict" : false
				},
				{
					"name" : "SEG_DATA[1]",
					"strict" : false
				},
				{
					"name" : "CLK",
					"strict" : false
				}
			]
		}
	]
}