{
	"partitions" : [
		{
			"name" : "Top",
			"pins" : [
				{
					"name" : "SEG1[6]",
					"strict" : false
				},
				{
					"name" : "SEG1[5]",
					"strict" : false
				},
				{
					"name" : "SEG1[4]",
					"strict" : false
				},
				{
					"name" : "SEG1[3]",
					"strict" : false
				},
				{
					"name" : "SEG1[2]",
					"strict" : false
				},
				{
					"name" : "SEG1[1]",
					"strict" : false
				},
				{
					"name" : "SEG1[0]",
					"strict" : false
				},
				{
					"name" : "SEG2[6]",
					"strict" : false
				},
				{
					"name" : "SEG2[5]",
					"strict" : false
				},
				{
					"name" : "SEG2[4]",
					"strict" : false
				},
				{
					"name" : "SEG2[3]",
					"strict" : false
				},
				{
					"name" : "SEG2[2]",
					"strict" : false
				},
				{
					"name" : "SEG2[1]",
					"strict" : false
				},
				{
					"name" : "SEG2[0]",
					"strict" : false
				},
				{
					"name" : "SEG_COM[3]",
					"strict" : false
				},
				{
					"name" : "SEG_COM[2]",
					"strict" : false
				},
				{
					"name" : "SEG_COM[1]",
					"strict" : false
				},
				{
					"name" : "SEG_COM[0]",
					"strict" : false
				},
				{
					"name" : "SEG_SEL[1]",
					"strict" : false
				},
				{
					"name" : "SEG_SEL[0]",
					"strict" : false
				},
				{
					"name" : "SEG_DATA[6]",
					"strict" : false
				},
				{
					"name" : "SEG_DATA[5]",
					"strict" : false
				},
				{
					"name" : "SEG_DATA[4]",
					"strict" : false
				},
				{
					"name" : "SEG_DATA[3]",
					"strict" : false
				},
				{
					"name" : "SEG_DATA[2]",
					"strict" : false
				},
				{
					"name" : "SEG_DATA[1]",
					"strict" : false
				},
				{
					"name" : "SEG_DATA[0]",
					"strict" : false
				},
				{
					"name" : "D1[3]",
					"strict" : false
				},
				{
					"name" : "D1[1]",
					"strict" : false
				},
				{
					"name" : "D1[2]",
					"strict" : false
				},
				{
					"name" : "D1[0]",
					"strict" : false
				},
				{
					"name" : "D2[3]",
					"strict" : false
				},
				{
					"name" : "D2[1]",
					"strict" : false
				},
				{
					"name" : "D2[2]",
					"strict" : false
				},
				{
					"name" : "D2[0]",
					"strict" : false
				},
				{
					"name" : "CLK",
					"strict" : false
				}
			]
		}
	]
}