{
	"partitions" : [
		{
			"name" : "Top",
			"pins" : [
				{
					"name" : "O[3]",
					"strict" : false
				},
				{
					"name" : "O[2]",
					"strict" : false
				},
				{
					"name" : "O[1]",
					"strict" : false
				},
				{
					"name" : "O[0]",
					"strict" : false
				},
				{
					"name" : "T[2]",
					"strict" : false
				},
				{
					"name" : "T[1]",
					"strict" : false
				},
				{
					"name" : "T[0]",
					"strict" : false
				},
				{
					"name" : "CLK",
					"strict" : false
				}
			]
		}
	]
}