{
	"partitions" : [
		{
			"name" : "Top",
			"pins" : [
				{
					"name" : "KEY_0",
					"strict" : false
				},
				{
					"name" : "K_C[3]",
					"strict" : false
				},
				{
					"name" : "K_C[2]",
					"strict" : false
				},
				{
					"name" : "K_C[1]",
					"strict" : false
				},
				{
					"name" : "K_C[0]",
					"strict" : false
				},
				{
					"name" : "KEY_1",
					"strict" : false
				},
				{
					"name" : "KEY_3",
					"strict" : false
				},
				{
					"name" : "KEY_4",
					"strict" : false
				},
				{
					"name" : "KEY_5",
					"strict" : false
				},
				{
					"name" : "KEY_6",
					"strict" : false
				},
				{
					"name" : "KEY_7",
					"strict" : false
				},
				{
					"name" : "KEY_2",
					"strict" : false
				},
				{
					"name" : "KEY_9",
					"strict" : false
				},
				{
					"name" : "KEY_A",
					"strict" : false
				},
				{
					"name" : "KEY_B",
					"strict" : false
				},
				{
					"name" : "KEY_8",
					"strict" : false
				},
				{
					"name" : "K_R[1]",
					"strict" : false
				},
				{
					"name" : "K_R[0]",
					"strict" : false
				},
				{
					"name" : "K_R[2]",
					"strict" : false
				},
				{
					"name" : "CLK",
					"strict" : false
				}
			]
		}
	]
}