{
	"partitions" : [
		{
			"name" : "Top",
			"pins" : [
				{
					"name" : "CHK_OK",
					"strict" : false
				},
				{
					"name" : "CHK_ERROR",
					"strict" : false
				},
				{
					"name" : "BUZZER",
					"strict" : false
				},
				{
					"name" : "K_R[3]",
					"strict" : false
				},
				{
					"name" : "K_R[2]",
					"strict" : false
				},
				{
					"name" : "K_R[1]",
					"strict" : false
				},
				{
					"name" : "K_R[0]",
					"strict" : false
				},
				{
					"name" : "SEG_COM[7]",
					"strict" : false
				},
				{
					"name" : "SEG_COM[6]",
					"strict" : false
				},
				{
					"name" : "SEG_COM[5]",
					"strict" : false
				},
				{
					"name" : "SEG_COM[4]",
					"strict" : false
				},
				{
					"name" : "SEG_COM[3]",
					"strict" : false
				},
				{
					"name" : "SEG_COM[2]",
					"strict" : false
				},
				{
					"name" : "SEG_COM[1]",
					"strict" : false
				},
				{
					"name" : "SEG_COM[0]",
					"strict" : false
				},
				{
					"name" : "SEG_DATA[7]",
					"strict" : false
				},
				{
					"name" : "SEG_DATA[6]",
					"strict" : false
				},
				{
					"name" : "SEG_DATA[5]",
					"strict" : false
				},
				{
					"name" : "SEG_DATA[4]",
					"strict" : false
				},
				{
					"name" : "SEG_DATA[3]",
					"strict" : false
				},
				{
					"name" : "SEG_DATA[2]",
					"strict" : false
				},
				{
					"name" : "SEG_DATA[1]",
					"strict" : false
				},
				{
					"name" : "ENTER",
					"strict" : false
				},
				{
					"name" : "K_C[1]",
					"strict" : false
				},
				{
					"name" : "K_C[0]",
					"strict" : false
				},
				{
					"name" : "K_C[2]",
					"strict" : false
				},
				{
					"name" : "RST",
					"strict" : false
				},
				{
					"name" : "CLK",
					"strict" : false
				},
				{
					"name" : "SET",
					"strict" : false
				},
				{
					"name" : "altera_reserved_tms",
					"strict" : false
				},
				{
					"name" : "altera_reserved_tck",
					"strict" : false
				},
				{
					"name" : "altera_reserved_tdi",
					"strict" : false
				},
				{
					"name" : "altera_reserved_tdo",
					"strict" : false
				}
			]
		}
	]
}