{
	"partitions" : [
		{
			"name" : "Top",
			"pins" : [
				{
					"name" : "KEY_CLK",
					"strict" : false
				},
				{
					"name" : "BCD[3]",
					"strict" : false
				},
				{
					"name" : "BCD[2]",
					"strict" : false
				},
				{
					"name" : "BCD[1]",
					"strict" : false
				},
				{
					"name" : "BCD[0]",
					"strict" : false
				},
				{
					"name" : "D1[3]",
					"strict" : false
				},
				{
					"name" : "D1[2]",
					"strict" : false
				},
				{
					"name" : "D1[1]",
					"strict" : false
				},
				{
					"name" : "D1[0]",
					"strict" : false
				},
				{
					"name" : "D2[3]",
					"strict" : false
				},
				{
					"name" : "D2[2]",
					"strict" : false
				},
				{
					"name" : "D2[1]",
					"strict" : false
				},
				{
					"name" : "D2[0]",
					"strict" : false
				},
				{
					"name" : "D3[3]",
					"strict" : false
				},
				{
					"name" : "D3[2]",
					"strict" : false
				},
				{
					"name" : "D3[1]",
					"strict" : false
				},
				{
					"name" : "D3[0]",
					"strict" : false
				},
				{
					"name" : "D4[3]",
					"strict" : false
				},
				{
					"name" : "D4[2]",
					"strict" : false
				},
				{
					"name" : "D4[1]",
					"strict" : false
				},
				{
					"name" : "D4[0]",
					"strict" : false
				},
				{
					"name" : "K_R[3]",
					"strict" : false
				},
				{
					"name" : "K_R[2]",
					"strict" : false
				},
				{
					"name" : "K_R[1]",
					"strict" : false
				},
				{
					"name" : "K_R[0]",
					"strict" : false
				},
				{
					"name" : "K_C[0]",
					"strict" : false
				},
				{
					"name" : "K_C[1]",
					"strict" : false
				},
				{
					"name" : "K_C[2]",
					"strict" : false
				},
				{
					"name" : "CLK",
					"strict" : false
				},
				{
					"name" : "RESET",
					"strict" : false
				},
				{
					"name" : "altera_reserved_tms",
					"strict" : false
				},
				{
					"name" : "altera_reserved_tck",
					"strict" : false
				},
				{
					"name" : "altera_reserved_tdi",
					"strict" : false
				},
				{
					"name" : "altera_reserved_tdo",
					"strict" : false
				}
			]
		}
	]
}