{
	"partitions" : [
		{
			"name" : "Top",
			"pins" : [
				{
					"name" : "Q[3]",
					"strict" : false
				},
				{
					"name" : "Q[2]",
					"strict" : false
				},
				{
					"name" : "Q[1]",
					"strict" : false
				},
				{
					"name" : "Q[0]",
					"strict" : false
				},
				{
					"name" : "DC[3]",
					"strict" : false
				},
				{
					"name" : "SEL[1]",
					"strict" : false
				},
				{
					"name" : "DB[3]",
					"strict" : false
				},
				{
					"name" : "SEL[0]",
					"strict" : false
				},
				{
					"name" : "DA[3]",
					"strict" : false
				},
				{
					"name" : "DD[3]",
					"strict" : false
				},
				{
					"name" : "DB[2]",
					"strict" : false
				},
				{
					"name" : "DC[2]",
					"strict" : false
				},
				{
					"name" : "DA[2]",
					"strict" : false
				},
				{
					"name" : "DD[2]",
					"strict" : false
				},
				{
					"name" : "DC[1]",
					"strict" : false
				},
				{
					"name" : "DB[1]",
					"strict" : false
				},
				{
					"name" : "DA[1]",
					"strict" : false
				},
				{
					"name" : "DD[1]",
					"strict" : false
				},
				{
					"name" : "DB[0]",
					"strict" : false
				},
				{
					"name" : "DC[0]",
					"strict" : false
				},
				{
					"name" : "DA[0]",
					"strict" : false
				},
				{
					"name" : "DD[0]",
					"strict" : false
				}
			]
		}
	]
}