{
	"partitions" : [
		{
			"name" : "Top",
			"pins" : [
				{
					"name" : "SEL_S",
					"strict" : false
				},
				{
					"name" : "SEL_W",
					"strict" : false
				},
				{
					"name" : "SEL_N",
					"strict" : false
				},
				{
					"name" : "SEL_E",
					"strict" : false
				},
				{
					"name" : "N_C_G",
					"strict" : false
				},
				{
					"name" : "N_C_L",
					"strict" : false
				},
				{
					"name" : "E_W_G",
					"strict" : false
				},
				{
					"name" : "N_C_Y",
					"strict" : false
				},
				{
					"name" : "S_C_G",
					"strict" : false
				},
				{
					"name" : "S_C_L",
					"strict" : false
				},
				{
					"name" : "S_C_Y",
					"strict" : false
				},
				{
					"name" : "W_W_G",
					"strict" : false
				},
				{
					"name" : "E_C_G",
					"strict" : false
				},
				{
					"name" : "E_C_L",
					"strict" : false
				},
				{
					"name" : "E_C_Y",
					"strict" : false
				},
				{
					"name" : "S_W_G",
					"strict" : false
				},
				{
					"name" : "W_C_G",
					"strict" : false
				},
				{
					"name" : "W_C_L",
					"strict" : false
				},
				{
					"name" : "W_C_Y",
					"strict" : false
				},
				{
					"name" : "N_W_G",
					"strict" : false
				},
				{
					"name" : "N_C_R",
					"strict" : false
				},
				{
					"name" : "E_C_R",
					"strict" : false
				},
				{
					"name" : "S_W_R",
					"strict" : false
				},
				{
					"name" : "S_C_R",
					"strict" : false
				},
				{
					"name" : "W_W_R",
					"strict" : false
				},
				{
					"name" : "W_C_R",
					"strict" : false
				},
				{
					"name" : "N_W_R",
					"strict" : false
				},
				{
					"name" : "E_W_R",
					"strict" : false
				},
				{
					"name" : "CLK",
					"strict" : false
				}
			]
		}
	]
}