{
	"partitions" : [
		{
			"name" : "Top",
			"pins" : [
				{
					"name" : "ERROR",
					"strict" : false
				},
				{
					"name" : "P[3]",
					"strict" : false
				},
				{
					"name" : "P[2]",
					"strict" : false
				},
				{
					"name" : "P[1]",
					"strict" : false
				},
				{
					"name" : "P[0]",
					"strict" : false
				},
				{
					"name" : "SUCESS",
					"strict" : false
				},
				{
					"name" : "K_R[3]",
					"strict" : false
				},
				{
					"name" : "K_R[2]",
					"strict" : false
				},
				{
					"name" : "K_R[1]",
					"strict" : false
				},
				{
					"name" : "K_R[0]",
					"strict" : false
				},
				{
					"name" : "SEG_COM[7]",
					"strict" : false
				},
				{
					"name" : "SEG_COM[6]",
					"strict" : false
				},
				{
					"name" : "SEG_COM[5]",
					"strict" : false
				},
				{
					"name" : "SEG_COM[4]",
					"strict" : false
				},
				{
					"name" : "SEG_COM[3]",
					"strict" : false
				},
				{
					"name" : "SEG_COM[2]",
					"strict" : false
				},
				{
					"name" : "SEG_COM[1]",
					"strict" : false
				},
				{
					"name" : "SEG_COM[0]",
					"strict" : false
				},
				{
					"name" : "SEG_D[6]",
					"strict" : false
				},
				{
					"name" : "SEG_D[5]",
					"strict" : false
				},
				{
					"name" : "SEG_D[4]",
					"strict" : false
				},
				{
					"name" : "SEG_D[3]",
					"strict" : false
				},
				{
					"name" : "SEG_D[2]",
					"strict" : false
				},
				{
					"name" : "SEG_D[1]",
					"strict" : false
				},
				{
					"name" : "SEG_D[0]",
					"strict" : false
				},
				{
					"name" : "CHK",
					"strict" : false
				},
				{
					"name" : "CLK",
					"strict" : false
				},
				{
					"name" : "RESET",
					"strict" : false
				},
				{
					"name" : "K_C[1]",
					"strict" : false
				},
				{
					"name" : "K_C[0]",
					"strict" : false
				},
				{
					"name" : "K_C[2]",
					"strict" : false
				},
				{
					"name" : "SET",
					"strict" : false
				}
			]
		}
	]
}