{
	"partitions" : [
		{
			"name" : "Top",
			"pins" : [
				{
					"name" : "SEG_COM[3]",
					"strict" : false
				},
				{
					"name" : "SEG_COM[2]",
					"strict" : false
				},
				{
					"name" : "SEG_COM[1]",
					"strict" : false
				},
				{
					"name" : "SEG_COM[0]",
					"strict" : false
				},
				{
					"name" : "SEG_D[6]",
					"strict" : false
				},
				{
					"name" : "SEG_D[5]",
					"strict" : false
				},
				{
					"name" : "SEG_D[4]",
					"strict" : false
				},
				{
					"name" : "SEG_D[3]",
					"strict" : false
				},
				{
					"name" : "SEG_D[2]",
					"strict" : false
				},
				{
					"name" : "SEG_D[1]",
					"strict" : false
				},
				{
					"name" : "SEG_D[0]",
					"strict" : false
				},
				{
					"name" : "CLK",
					"strict" : false
				}
			]
		}
	]
}