{
	"partitions" : [
		{
			"name" : "Top",
			"pins" : [
				{
					"name" : "M_O[3]",
					"strict" : false
				},
				{
					"name" : "M_O[2]",
					"strict" : false
				},
				{
					"name" : "M_O[1]",
					"strict" : false
				},
				{
					"name" : "M_O[0]",
					"strict" : false
				},
				{
					"name" : "S_T[2]",
					"strict" : false
				},
				{
					"name" : "S_T[1]",
					"strict" : false
				},
				{
					"name" : "S_T[0]",
					"strict" : false
				},
				{
					"name" : "M_T[2]",
					"strict" : false
				},
				{
					"name" : "M_T[1]",
					"strict" : false
				},
				{
					"name" : "M_T[0]",
					"strict" : false
				},
				{
					"name" : "S_O[3]",
					"strict" : false
				},
				{
					"name" : "S_O[2]",
					"strict" : false
				},
				{
					"name" : "S_O[1]",
					"strict" : false
				},
				{
					"name" : "S_O[0]",
					"strict" : false
				},
				{
					"name" : "CLK",
					"strict" : false
				}
			]
		}
	]
}