{
	"partitions" : [
		{
			"name" : "Top",
			"pins" : [
				{
					"name" : "BCD[3]",
					"strict" : false
				},
				{
					"name" : "BCD[2]",
					"strict" : false
				},
				{
					"name" : "BCD[1]",
					"strict" : false
				},
				{
					"name" : "BCD[0]",
					"strict" : false
				},
				{
					"name" : "K_R[3]",
					"strict" : false
				},
				{
					"name" : "K_R[2]",
					"strict" : false
				},
				{
					"name" : "K_R[1]",
					"strict" : false
				},
				{
					"name" : "K_R[0]",
					"strict" : false
				},
				{
					"name" : "K_C[0]",
					"strict" : false
				},
				{
					"name" : "K_C[1]",
					"strict" : false
				},
				{
					"name" : "K_C[2]",
					"strict" : false
				},
				{
					"name" : "CLK",
					"strict" : false
				}
			]
		}
	]
}