{
	"partitions" : [
		{
			"name" : "Top",
			"pins" : [
				{
					"name" : "D[3]",
					"strict" : false
				},
				{
					"name" : "D[2]",
					"strict" : false
				},
				{
					"name" : "D[1]",
					"strict" : false
				},
				{
					"name" : "D[0]",
					"strict" : false
				},
				{
					"name" : "B[1]",
					"strict" : false
				},
				{
					"name" : "B[3]",
					"strict" : false
				},
				{
					"name" : "B[2]",
					"strict" : false
				},
				{
					"name" : "A[3]",
					"strict" : false
				},
				{
					"name" : "B[0]",
					"strict" : false
				},
				{
					"name" : "A[2]",
					"strict" : false
				},
				{
					"name" : "A[1]",
					"strict" : false
				},
				{
					"name" : "A[0]",
					"strict" : false
				}
			]
		}
	]
}